series(0=virial_curve;1=dfcont_curve;2=king_pt;3=pub), x(W0 or ordinal), virial, df_cont, df_mc, df_mc_err, nbody, censored, valid
0.000000, 0.500000, 0.248389, nan, nan, nan, nan, nan, nan
0.000000, 1.000000, 0.244845, nan, nan, nan, nan, nan, nan
0.000000, 1.500000, 0.240788, nan, nan, nan, nan, nan, nan
0.000000, 2.000000, 0.236141, nan, nan, nan, nan, nan, nan
0.000000, 2.500000, 0.230816, nan, nan, nan, nan, nan, nan
0.000000, 3.000000, 0.224715, nan, nan, nan, nan, nan, nan
0.000000, 3.500000, 0.217727, nan, nan, nan, nan, nan, nan
0.000000, 4.000000, 0.209730, nan, nan, nan, nan, nan, nan
0.000000, 4.500000, 0.200596, nan, nan, nan, nan, nan, nan
0.000000, 5.000000, 0.190210, nan, nan, nan, nan, nan, nan
0.000000, 5.500000, 0.178500, nan, nan, nan, nan, nan, nan
0.000000, 6.000000, 0.165512, nan, nan, nan, nan, nan, nan
0.000000, 6.500000, 0.151538, nan, nan, nan, nan, nan, nan
0.000000, 6.600000, 0.148679, nan, nan, nan, nan, nan, nan
0.000000, 6.800000, 0.142959, nan, nan, nan, nan, nan, nan
0.000000, 7.000000, 0.137303, nan, nan, nan, nan, nan, nan
0.000000, 7.200000, 0.131807, nan, nan, nan, nan, nan, nan
0.000000, 7.400000, 0.126581, nan, nan, nan, nan, nan, nan
0.000000, 7.500000, 0.124106, nan, nan, nan, nan, nan, nan
0.000000, 7.600000, 0.121742, nan, nan, nan, nan, nan, nan
0.000000, 7.800000, 0.117409, nan, nan, nan, nan, nan, nan
0.000000, 8.000000, 0.113689, nan, nan, nan, nan, nan, nan
0.000000, 8.200000, 0.110672, nan, nan, nan, nan, nan, nan
0.000000, 8.400000, 0.108416, nan, nan, nan, nan, nan, nan
0.000000, 8.500000, 0.107582, nan, nan, nan, nan, nan, nan
0.000000, 8.600000, 0.106944, nan, nan, nan, nan, nan, nan
0.000000, 8.800000, 0.106240, nan, nan, nan, nan, nan, nan
0.000000, 9.000000, 0.106253, nan, nan, nan, nan, nan, nan
0.000000, 9.000000, 0.106253, nan, nan, nan, nan, nan, nan
0.000000, 9.200000, 0.106904, nan, nan, nan, nan, nan, nan
0.000000, 9.400000, 0.108095, nan, nan, nan, nan, nan, nan
0.000000, 9.500000, 0.108860, nan, nan, nan, nan, nan, nan
0.000000, 9.600000, 0.109718, nan, nan, nan, nan, nan, nan
0.000000, 9.800000, 0.111663, nan, nan, nan, nan, nan, nan
0.000000, 10.000000, 0.113827, nan, nan, nan, nan, nan, nan
0.000000, 10.000000, 0.113827, nan, nan, nan, nan, nan, nan
0.000000, 10.200000, 0.116117, nan, nan, nan, nan, nan, nan
0.000000, 10.400000, 0.118452, nan, nan, nan, nan, nan, nan
0.000000, 10.500000, 0.119614, nan, nan, nan, nan, nan, nan
0.000000, 10.600000, 0.120764, nan, nan, nan, nan, nan, nan
0.000000, 10.800000, 0.122999, nan, nan, nan, nan, nan, nan
0.000000, 11.000000, 0.125116, nan, nan, nan, nan, nan, nan
0.000000, 11.000000, 0.125116, nan, nan, nan, nan, nan, nan
0.000000, 11.200000, 0.127084, nan, nan, nan, nan, nan, nan
0.000000, 11.400000, 0.128881, nan, nan, nan, nan, nan, nan
0.000000, 11.500000, 0.129710, nan, nan, nan, nan, nan, nan
0.000000, 12.000000, 0.133136, nan, nan, nan, nan, nan, nan
0.000000, 12.500000, 0.135357, nan, nan, nan, nan, nan, nan
0.000000, 13.000000, 0.136469, nan, nan, nan, nan, nan, nan
0.000000, 13.500000, 0.136630, nan, nan, nan, nan, nan, nan
0.000000, 14.000000, 0.136038, nan, nan, nan, nan, nan, nan
0.000000, 14.500000, 0.134902, nan, nan, nan, nan, nan, nan
0.000000, 15.000000, 0.133437, nan, nan, nan, nan, nan, nan
0.000000, 15.500000, 0.131848, nan, nan, nan, nan, nan, nan
0.000000, 16.000000, 0.130320, nan, nan, nan, nan, nan, nan
0.000000, 16.500000, 0.129002, nan, nan, nan, nan, nan, nan
0.000000, 17.000000, 0.127996, nan, nan, nan, nan, nan, nan
0.000000, 17.500000, 0.127350, nan, nan, nan, nan, nan, nan
0.000000, 18.000000, 0.127061, nan, nan, nan, nan, nan, nan
0.000000, 18.500000, 0.127086, nan, nan, nan, nan, nan, nan
0.000000, 19.000000, 0.127352, nan, nan, nan, nan, nan, nan
0.000000, 19.500000, 0.127772, nan, nan, nan, nan, nan, nan
0.000000, 20.000000, 0.128265, nan, nan, nan, nan, nan, nan
1.000000, 0.500000, nan, 0.346704, nan, nan, nan, nan, 1.000000
1.000000, 2.000000, nan, 0.321367, nan, nan, nan, nan, 1.000000
1.000000, 4.000000, nan, 0.268597, nan, nan, nan, nan, 1.000000
1.000000, 6.000000, nan, 0.178785, nan, nan, nan, nan, 1.000000
1.000000, 8.000000, nan, 0.077055, nan, nan, nan, nan, 1.000000
1.000000, 9.000000, nan, 0.047215, nan, nan, nan, nan, 1.000000
1.000000, 10.000000, nan, 0.032084, nan, nan, nan, nan, 1.000000
1.000000, 12.000000, nan, 0.019524, nan, nan, nan, nan, 1.000000
1.000000, 14.000000, nan, 0.018349, nan, nan, nan, nan, 1.000000
1.000000, 16.000000, nan, 0.022724, nan, nan, nan, nan, 1.000000
1.000000, 18.000000, nan, 0.023848, nan, nan, nan, nan, 1.000000
1.000000, 20.000000, nan, 0.022413, nan, nan, nan, nan, 1.000000
2.000000, 3.000000, 0.224715, 0.294982, 0.302804, 0.000076, nan, nan, 1.000000
2.000000, 6.000000, 0.165512, 0.178785, 0.189698, 0.000098, nan, nan, 1.000000
2.000000, 9.000000, 0.106253, 0.047215, 0.047671, 0.000042, nan, nan, 1.000000
2.000000, 12.000000, 0.133136, 0.019524, 0.019348, 0.000041, nan, nan, 1.000000
3.000000, -1.000000, 0.158659, 0.192880, 0.191744, 0.000512, 0.150000, 0.000000, 1.000000
3.000000, -2.000000, 0.205950, 0.157906, 0.154846, 0.000414, 0.090000, 0.000000, 1.000000
3.000000, -3.000000, 0.150390, 0.078667, 0.076898, 0.000205, 0.024100, 1.000000, 1.000000
3.000000, -4.000000, 0.069697, 0.009078, 0.004826, 0.000019, 0.014800, 1.000000, 1.000000
