manuscript_figure,latex_label,figure_file,producing_script,pipeline_stage,input_data,needs_agama,notes
Fig. 1,fig:structure,figures/fig1_structure.pdf,code/08_rebuild_paper_figures/rebuild_paper_figures.py (fig1()),08,(none; calls king_model directly),no,"MERGED figure: (a) stellar+gas density profiles W0=3/6/9 at SFE=0.17, (b) local SFE profiles W0=0.5-20. Both in G=M=r_h=1 units, sharing the r/r_h axis; colorbar spans both panels. Replaces the former separate Figs 1 and 2. Recompute in seconds."
Fig. 2,fig:sfetsf,figures/fig3_sfe_vs_tsf_rh_units.pdf,code/08_rebuild_paper_figures/rebuild_paper_figures.py (fig3()),08,(none; calls king_model directly),no,"Global SFE vs t_sf in G=M=r_h=1 units at eps_ff=0.01; curves within a factor ~2.7; inset = t_sf(SFE=0.17) vs W0 (~23-63). Recompute in seconds."
Fig. 3,fig:crossprofile,figures/fig8b_esfe_cross_profile.pdf,code/03_multi_profile_analysis/multi_profile_analysis.py (part1b_cross_profile),03,truncation_summary.csv,no,"2-panel: (a) eSFE vs global SFE for all families, xlim (0,0.5); (b) boost factor eSFE/SFE, whose SFE->0 intercept is 1/eta (1.59/2.25/3.66 for W0=3/6/9). Panel (b) restores the content of the deleted standalone boost figure. Recompute in ~seconds."
Fig. 4,fig:mechanism,figures/fig6_mechanism.pdf,code/02_king_sfe_mechanism/king_sfe_mechanism.py,02,mechanism_summary.csv,no,"3-panel mechanism of the non-monotonic SFE threshold; panel (c) is the King virial threshold curve. Recompute in ~seconds."
Fig. 5,fig:cumesfe,figures/fig8_cumulative_esfe.pdf,code/03_multi_profile_analysis/multi_profile_analysis.py (part2_universality),03,truncation_summary.csv,no,"Cumulative eSFE(<r), each published family at its measured threshold + King at eSFE_surv=1/3, global SFE on each label. Illustrates Sect. 3.5. Recompute in ~seconds."
Fig. 6,fig:fbound,figures/fig10_fbound_curves.pdf,"adams_df_boundfraction.py main() writes fig10_fbound_curves.csv; plot_df_figures.py redraws",04,fig10_fbound_curves.csv,no,"Frozen-DF F_b(SFE), King W0=0.5-20 + published dashed. COSMETIC replot: plot_df_figures.py from the CSV, no DF sweep. Full recompute is hours."
Fig. 7,fig:validation,figures/fig12_validation.pdf,code/08_rebuild_paper_figures/rebuild_paper_figures.py (fig12()),08,fig12_continuum.csv + analytic_prediction_table.csv + published_continuum.csv + mc_vs_nbody_published.csv,no,"MERGED figure: (a) King W0=3/6/9/12 continuum vs N=1e5 MC on one axes; (b) Plummer and Dehnen g=0 continuum + frozen-DF MC + published N-body. Replaces the former separate Figs 8 and 9, and converts two double-column floats into one single-column float. All four inputs are cached CSVs -- redraws in seconds, no Agama and no DF sweep."
Fig. 8,fig:allthresholds,figures/fig11b_thresholds_with_mc.pdf,"adams_df_boundfraction.py main() writes fig11_plotdata.csv; plot_df_figures.py redraws",04,fig11_plotdata.csv + mc_thresholds_n1e5.csv + mc_thresholds_published.csv,partial,"All criteria, King + published families, y-axis 'SFE threshold'. COSMETIC replot: plot_df_figures.py from fig11_plotdata.csv, no DF sweep."
Fig. 9,fig:truncation,figures/fig9_truncation.pdf,code/03_multi_profile_analysis/multi_profile_analysis.py (part3_truncation),03,truncation_summary.csv,no,"Virial SFE threshold with/without the free-fall-time truncation at eps_ff=0.01 (curves nearly coincide); r_SF/r_t (right axis), c=log10(r_t/r_c) top axis, W0=3,6,9 grid. Legend center right. Recompute in ~seconds."
Fig. A.1,fig:epssens,figures/figA1_eps_sensitivity.pdf,code/08_rebuild_paper_figures/rebuild_paper_figures.py (figA1()),08,mechanism_summary.csv,no,"Truncated threshold curve for eps_ff = 0.01/0.05/0.10; published-family removal floors given as a table in App. A text. Recompute in ~1 min."
Table 1,tab:validation,(in-text tabular),code/03_multi_profile_analysis/multi_profile_analysis.py (part1_validation),03,truncation_summary.csv,no,Effective SFE at the published Plummer/Dehnen survival thresholds vs the published values.
(dropped),fig:profiles / fig:localsfe,figures/fig1_density_profiles_rh.pdf + fig2_local_sfe_rh.pdf REMOVED,rebuild_paper_figures.py (fig1(),fig2()),08,-,no,"Merged into the single Fig. 1 (fig1_structure) in the shortening pass. fig2() is retained in the script but no longer called from __main__."
(dropped),fig:mcvalidation / fig:nbodyvalid,figures/fig12_mc_validation.pdf + fbound_published_families.pdf REMOVED,rebuild_paper_figures.py (fig12()) + mc_published_families.py --compare,08/05,-,-,"Merged into the single Fig. 7 (fig12_validation) in the shortening pass; the 2x2 King grid became one overlaid panel."
(dropped),fig:numerics,figures/figB1_numerics.pdf REMOVED,rebuild_paper_figures.py (figB1()),08,-,no,"Dropped in the shortening pass; the catastrophic-cancellation point survives as prose in App. B. figB1() retained in the script but no longer called."
(dropped),fig:energyprof,figures/fig7_energy_profiles.pdf REMOVED,code/02_king_sfe_mechanism/king_sfe_mechanism.py,02,-,no,"Dropped in the shortening pass together with the whole of former Appendix C; the mechanism it illustrated is carried quantitatively by eta in Fig. 4b. Still produced by king_sfe_mechanism.py."
(dropped),fig:slopes,figures/fig13_envelope_slopes.pdf REMOVED,rebuild_paper_figures.py (fig13()),08,envelope_slopes.csv,no,"Dropped in the figure-review pass; the p~2.2-2.5 point kept as two sentences in Sect. 6.4."
(data),-,-,code/05_mc_bound_fraction_agama/mc_bound_fraction_n1e5.py,05,mc_bound_fractions_n1e5.csv,yes,"15300 frozen-DF realizations at N=1e5: 150 seeds per (W0,SFE) on a grid refined across each transition by mc_refine_threshold.py. The single particle dataset behind the quoted thresholds and the Fig. 7a curves. ~2.5 h + ~40 min refinement."
(data),-,-,code/05_mc_bound_fraction_agama/mc_thresholds_n1e5.py,05,mc_thresholds_n1e5.csv,no,"Thresholds 0.3028/0.1897/0.0477/0.0193 for W0=3/6/9/12 with BOOTSTRAP sampling errors (~1e-4), plus the SFE-grid half-width for comparison. Seconds. adams_df_boundfraction.py prefers this file over re-deriving thresholds from per-realization rows."
(data),-,-,code/05_mc_bound_fraction_agama/mc_finiteN_scaling.py,05,mc_finiteN_scaling.csv,yes,"Survival probability vs N at fixed SFE, six values of N over two decades, W0=3 (SFE=0.30) and W0=9 (SFE=0.045), 150 seeds each with binomial errors. Quoted as a table in Sect. 4.3. ~40 min."
(check),-,-,code/04_adams_df_boundfraction/df_positivity_check.py,04,df_positivity.csv,no,"DF positivity across 20 models. Result in App. B: non-negative at every interior energy; only the final grid node can go negative (1 in 2000, King only), and it carries exactly zero phase-space weight. ~1 h."
